{"model": {"coef": [0.4040114613180516], "intercept": -1.088825214899714}}